{"absPath":"/storage/emulated/0/GaitApp/Experiments/Sandeep","dateAndTime":"Thu Apr 21 15:03:01 GMT+05:30 2016","name":"Sandeep","noOfDataFiles":0,"rightAnkleJoint":{"calibrationData":[],"calibrationResult":[],"jointType":"RightAnkle","requiredSensorPositons":["RIGHTSHANK","RIGHTFOOT"]},"rightKneeJoint":{"calibrationData":["S0_0019.txt","S1_0019.txt"],"calibrationResult":[],"jointType":"RightKnee","requiredSensorPositons":["RIGHTTHIGH","RIGHTSHANK"]},"walkData":[{"walkFiles":["S0_0021.txt","S1_0021.txt"]},{"walkFiles":["S0_0023.txt","S1_0023.txt"]},{"walkFiles":["S0_0024.txt","S1_0024.txt"]},{"walkFiles":["S0_0025.txt","S1_0025.txt"]},{"walkFiles":["S0_0026.txt","S1_0026.txt"]},{"walkFiles":["S0_0027.txt","S1_0027.txt"]},{"walkFiles":["S0_0029.txt","S1_0029.txt"]},{"walkFiles":["S0_0030.txt","S1_0030.txt"]}]}